{
  "eye": {
    "orientation": [
      0,
      0,
      0,
      1
    ],
    "magnitude": 0.5773502588272095,
    "position": [
      890,
      660,
      3024.025146484375
    ]
  },
  "radius": 1237.0125732421875,
  "type": "PERSPECTIVE"
}